场景1,,,,,场景2,,,,,场景3,,,,,场景4
,,,,,,,,,,,,,,,
打开便签,,,,,上海市汤臣一品的房价,,,,,安装微信,,,,,最近几天可以洗车吗
属蛇的本月的事业运势,,,,,打开QQ找到张三,,,,,最近需要防晒吗,,,,,取消预定
八达岭长城票贵吗,,,,,热门韩剧,,,,,中国挖掘机技术哪家强,,,,,海淀区有哪些楼盘
摇个硬币,,,,,讲个儿童故事,,,,,导航去附近的药店,,,,,北京今天限行吗
双鱼座今日的幸运数字,,,,,导航去五彩城,,,,,我要看复联3,,,,,关节痛是什么原因
唐人街探案是谁演的,,,,,导航去朝阳门附近的医院,,,,,今天沪市大盘的走势如何,,,,,瞎子摸鱼
我要自拍,,,,,热门电影,,,,,打开相机,,,,,汽车发动的声音
27岁是属什么的,,,,,达尔文的进化论讲的是什么,,,,,二月二十八号到四月五号有多少天,,,,,大江大河
下载王者荣耀,,,,,打开王俊凯的微博,,,,,杭州市绿城兰园的地址,,,,,北京最近几天适合运动吗
搜搜文档丢了怎么办,,,,,开启全景拍照模式,,,,,用微信给爸打语音电话,,,,,帮我记一下明天去上海出差
我想知道属狗的今年的财运怎么样,,,,,肠胃炎怎么办,,,,,我想预约订座,,,,,经济之声
一吨等于多少千克,,,,,狼来了猜一个水果,,,,,我要听小说,,,,,农历五月五号是哪天
打开相机设置,,,,,打开微信扫一扫付款100元,,,,,欢乐喜剧人,,,,,皮卡丘的声音
调高屏幕亮度,,,,,生肖猪本月的运势如何,,,,,播放我的本地音乐,,,,,330+46等于多少
用大众点评看一下我附近的美食,,,,,现在工商银行的股价多少,,,,,我想看猫咪的动图,,,,,为什么总是头皮痒
最近上映的电影,,,,,今天会出太阳吗,,,,,生肖鸡今年多少岁,,,,,香港有什么必吃的美食
广东的美食推荐,,,,,雪人兄弟游戏的声音,,,,,明天适合钓鱼吗,,,,,拍小视频
我想看上周拍的照片,,,,,明天可以洗车吗,,,,,6月27号是什么星座,,,,,一英镑等于多少美元
打开wifi,,,,,小猪佩奇自我介绍,,,,,北京有什么好玩的,,,,,土拔鼠的声音
识别邮箱地址,,,,,查一下纽约后天天气怎么样,,,,,我要吃吃吃,,,,,今天最高温度多少
病毒性感冒的传播途径,,,,,播放王菲的歌,,,,,稻城亚丁,,,,,上海市闵行区有哪些小区
海口今天可以穿什么衣服,,,,,帮妈妈叫个车从五道口去西直门,,,,,打开支付宝搜索校园卡,,,,,明天有雾霾吗
搞笑的动态图,,,,,最近热吗,,,,,今天农业银行涨了吗,,,,,过年时拍的照片
我想从中关村去天安门,,,,,我想听张韶涵的歌,,,,,给我找小猪佩奇的表情包,,,,,识别文字
我要看海绵宝宝,,,,,你不是人造革,,,,,战神金刚变身,,,,,太阳系有哪些行星
我要骑摩拜单车,,,,,今天几跟几限行,,,,,随便来首歌,,,,,狮子座五大预言
找壁纸,,,,,易烊千玺的生日是哪天,,,,,导航回家,,,,,我有一个想法
我想看小狗的图片,,,,,给我来张美女图片,,,,,小爱我想你了,,,,,腿痛的原因
养胃的食材,,,,,单田芳的评书,,,,,播放权力的游戏,,,,,不同时期对成绩的看法
搜索复仇者联盟的预告片,,,,,帮我打开微博本地新闻,,,,,邪不压正,,,,,今天出门需要带伞吗
打开勿扰模式,,,,,你几岁了,,,,,乌龟可以带上地铁吗,,,,,既然你诚心诚意地发问了
我要问诊,,,,,播放蕊希电台,,,,,1983年出生的人属什么,,,,,降低屏幕亮度
美好的一天用法语怎么说,,,,,六月一号是星期几,,,,,打车回家,,,,,距离春节还有多少天
打开虚空引擎,,,,,金牛座和处女座的缘分怎么样,,,,,十块钱能干什么,,,,,怎么称呼爸爸的妹妹
孟子的国籍,,,,,播放米小圈上学记,,,,,给张三打个电话,,,,,扁桃体炎怎么办
我现在在哪里,,,,,白羊座是几月份,,,,,播放薛之谦的歌,,,,,我想查看QQ好友的动态
伦敦现在几点了,,,,,赖床的好处,,,,,杨幂的微博,,,,,查看QQ好友动态
电视剧知否知否,,,,,关闭支付宝,,,,,你吃饭了吗,,,,,我要听鬼吹灯
一美元等于多少人民币,,,,,属猪的和什么属相最配,,,,,三亚旅游攻略,,,,,美国旅游攻略
搜搜胃一直疼怎么办,,,,,讲个冷笑话,,,,,无限火球法,,,,,儿歌茄子
关于天枰座的神预测,,,,,你会唱歌吗,,,,,计算机之父是谁,,,,,说段北京话
打开支付宝付钱,,,,,生肖牛的特点,,,,,看看蔡徐坤的微博,,,,,天枰座本周的事业运势
吃什么可以降火,,,,,九零年出生属什么,,,,,海口明天下雨吗,,,,,远洋山水的绿化率
男生不和女生吵架的真实原因,,,,,上网搜一下王俊凯的照片,,,,,中秋节怎么放假,,,,,猕猴桃有什么营养
消灭奥特曼的计划,,,,,我想去附近的星巴克,,,,,人类的四大本质是什么,,,,,打开相机并且倒计时三秒自拍
给15201010101充100元话费,,,,,鼻炎患者需要注意什么,,,,,广州最近几天紫外线强吗,,,,,赵薇的老公是谁
来电音乐,,,,,莲藕与什么食物相克,,,,,冰雹的声音,,,,,11月是什么星座
打开ofo扫一扫,,,,,开始刷机模式,,,,,退出滴滴出行,,,,,今天的空气质量如何
你和我的倾城时光,,,,,搜索便签,,,,,给妈打个视频电话,,,,,和女朋友吵架的后果
几点了,,,,,用微信给爸发两张照片,,,,,关于处女座的预言,,,,,拨打电话给中国银行
你的妈妈是谁,,,,,赵丽颖的星座,,,,,彭丽媛的丈夫,,,,,导航去公司
吐槽大会第三季,,,,,发QQ给老爸说天气不错哦,,,,,属龙的性格如何,,,,,纸是怎么发明的
用嘀嘀打车去公司,,,,,吃柚子有什么好处,,,,,最近有什么赵丽颖的电视剧,,,,,老鼠怎么叫
早起的好处,,,,,今天是阴历几月几号,,,,,我想知道白羊座今年的财运怎么样,,,,,大象怎么叫
用后置摄像头拍小视频,,,,,北京外地车限行吗,,,,,有什么好看的综艺,,,,,中国家庭微信群名
骑车导航去东直门,,,,,锁屏,,,,,治疗高血压方面的专家,,,,,明天几点日落
调节音量到50,,,,,用后置摄像头录像,,,,,打开摩拜扫一扫,,,,,成都明天天气
为你明灯三千,,,,,发朋友圈说我结婚啦,,,,,旺仔QQ糖的声音,,,,,要把大象装冰箱总共分几步
蜡笔小新,,,,,我想听摇滚歌曲,,,,,打开小米商城,,,,,皮卡丘走路
明天的紫外线强吗,,,,,北京限行限几环,,,,,骑车回家,,,,,懒床一时爽
昨天限行尾号,,,,,熊猫基地几点开门,,,,,明天天气情况,,,,,宫保鸡丁需要什么食材
播放跑车的声音,,,,,怎么预防颈椎病,,,,,给18811700059充话费,,,,,关闭淘宝
有哪些关于天蝎座的神预测,,,,,小米六配置怎么样,,,,,打卡支付宝,,,,,什么人不适合吃榛子
双子座的性格怎么样,,,,,打开ofo扫一扫,,,,,播放周星驰的喜剧,,,,,我的风景照片
流感怎么预防,,,,,帮我记一下,,,,,呼叫爸,,,,,拨打建行电话
有风油精的表情包吗,,,,,如何自己在家炸油条,,,,,电影无双,,,,,拨打10086
姚明有多高,,,,,香港有哪些必吃的美食,,,,,今天工商银行的行情,,,,,最近几天可以穿短裙吗
打电话给中国联通,,,,,今天温度怎么样,,,,,我有一个想法以后晚上都喝粥,,,,,来一首立冬的诗
故宫的价格门票,,,,,打车去五道口,,,,,今天适合跑步吗,,,,,今天的PM2.5如何
打开人像拍照模式,,,,,关闭热点,,,,,小猪佩奇的声音,,,,,民生银行电话
听歌,,,,,无名之辈,,,,,我要听笑话,,,,,给妈妈转账1分钱
你好小爱,,,,,属龙的和属马的在一起好不好,,,,,北京朝阳有哪些小区,,,,,查看微博榜单
我要听东北话,,,,,中秋节是几月几号,,,,,关闭摩拜,,,,,打开微信
截屏照片,,,,,双子座和什么星座最配,,,,,搜索一下王源的近况,,,,,用前置摄像头拍小视频
打开微信小程序跳一跳,,,,,查看妈妈的聊天记录,,,,,给爸发1分钱红包,,,,,我要看电视剧
红烧肉怎么做,,,,,这是什么,,,,,射手座的星座关系,,,,,补维生素A应该吃什么
识别其中的电话,,,,,西藏著名的景点有哪些,,,,,打开酷狗音乐播放本地歌曲,,,,,马化腾的父亲是谁
净坛使者是谁,,,,,看看600036股票当前的行情,,,,,大黑牛指的是谁,,,,,用大众点评搜一下酒店
开启录像模式,,,,,王羲之的儿子,,,,,用支付宝付20元钱,,,,,核桃适宜的人群
用美团定个十点半的餐位,,,,,哈利波特系列,,,,,为什么不跟女生吵架,,,,,小孩不听话怎么办
最近空气质量如何,,,,,打开微信付款码,,,,,给爸发微信说我没钱了,,,,,寒冰飘飘
看小猪佩奇,,,,,播放睡前音乐,,,,,用嘀嘀打车回家,,,,,你站在这里不要动我去给你买个橘子
迪丽热巴的微博,,,,,来段经典相声,,,,,本周日限行吗,,,,,奇葩说第五季
我的便签,,,,,魂斗罗的声音,,,,,现在去西直门赌不赌,,,,,这是什么花
早上好怎么翻译,,,,,布达拉宫要门票吗,,,,,换一个,,,,,调低音量
呼叫顺丰快递,,,,,打开微信扫一扫,,,,,查看QQ动态,,,,,属猪的是哪一年生的
导航去最近的加油站,,,,,我想看漫威电影,,,,,起床前的心理活动,,,,,狮子座有什么缺点
吃鸡教会了我们什么,,,,,郭德纲的综艺节目,,,,,火影忍者全集,,,,,火影忍者
来段广东话,,,,,吃什么可以安神,,,,,属猪的今年多大了,,,,,陪我聊天
我想看蒙面唱将猜猜猜,,,,,音量最大,,,,,人被逼急了什么事都做的出来吗,,,,,惊蛰是几月几号
继续播放,,,,,麦兜的声音,,,,,打开支付宝付20块钱,,,,,马云多大了
天兆家园的开发商,,,,,我叫黑虎阿福你准备受死吧,,,,,今天大盘走势如何,,,,,成都有什么好吃的
冰雪大世界的营业时间,,,,,读一首古诗,,,,,你长什么样子,,,,,松鼠怎么叫
农业银行目前的行情,,,,,虹膜炎传染吗,,,,,打开微信收款码,,,,,我和天上的星星有什么区别呢
天蝎座今天的运势如何,,,,,最美的告白,,,,,打开清仓模式,,,,,我要充话费
牙齿发酸怎么办,,,,,用支付宝给爸转账一个亿,,,,,打开慢动作录像,,,,,带电话给妈妈
根号3加根号2等于多少,,,,,爱琴海购物中心在哪里,,,,,用美团定个6月3日的餐位,,,,,六月一日是工作日吗
我想给小李发QQ信息说天气真好,,,,,打开无线网络,,,,,识别链接,,,,,FM97.4
播放一首唐诗,,,,,明天星期几,,,,,步行导航去附近的超市,,,,,毛泽东的毕业院校
打开淘宝天猫超市,,,,,池塘里有什么,,,,,打开手电筒,,,,,打开支付宝扫一扫
熊爸爸的十万个为什么,,,,,华府景园的物业费,,,,,动漫壁纸,,,,,射手座的守护神
打开支付宝查看转账记录,,,,,静音,,,,,金牛座的幸运色,,,,,小猪佩奇
水瓶座的优点有哪些,,,,,打败小猪佩奇的是谁,,,,,你会做什么,,,,,工商银行是涨了还是跌了
聊天,,,,,生肖鼠和生肖牛的缘分怎么样,,,,,2的10次方等于多少,,,,,北京市华清嘉园的房价
打开京东发现,,,,,这是什么车,,,,,故宫的营业时间,,,,,公子一万元税后是多少
查看微博本地新闻,,,,,苹果用英语怎么说,,,,,查找计划的便签,,,,,最近有什么节日
锄禾日当午的下一句是什么,,,,,我要听进击的段子,,,,,卢浮宫,,,,,用前置摄像头录像
韭菜适合与什么一起吃,,,,,青莲居士是谁,,,,,天道有轮回,,,,,生肖猪的性格怎么样
打开热点,,,,,义勇军进行曲的作者是谁,,,,,用怕怕报警,,,,,处女座今天有桃花运吗
最近有风吗,,,,,十九大主题,,,,,一小时等于多少分钟,,,,,今天是几月几号
吃什么可以补钙,,,,,关机,,,,,重启,,,,,查找便签
我要看彭于晏的图片,,,,,妈妈的爸爸叫什么,,,,,来段四川话,,,,,帮妈妈叫个快车从中关村去五彩城
一米等于多少厘米,,,,,调高音量,,,,,生肖兔这个月有桃花运吗,,,,,蜜桃姐姐讲故事
微信查找妈妈,,,,,进入蜜蜂模式,,,,,查看李四的QQ消息,,,,,搜索复仇者联盟3的影评
端午节为什么要吃粽子,,,,,关闭勿扰模式,,,,,使命召唤OL,,,,,取消
北冥有哈,,,,,苹果公司昨日的收盘情况,,,,,暂停播放,,,,,做鱼香肉丝有什么窍门
播放电钻声音,,,,,姜文的电影,,,,,河流的声音,,,,,用QQ音乐播放告白气球
明天几点日出,,,,,发最近的三张照片到朋友圈说天气真好,,,,,说一个让你烦恼的事,,,,,上网搜搜进京证怎么办
我想听民谣,,,,,我想看奥斯卡获奖电影,,,,,拍快动作视频,,,,,赵丽颖的老公
